{
  "manaitem2": {
    "max": 50,
    "title": "MP%",
    "on": false,
    "item": 3157,
    "subType": 0,
    "min": 0
  },
  "manaTrain": {
    "max": 100,
    "title": "MP%",
    "on": false,
    "min": 80,
    "text": "utevo lux"
  },
  "_configs": {
    "targetbot_configs": {
      "enabled": false
    },
    "cavebot_configs": {
      "enabled": false
    }
  },
  "healing1": {
    "max": 90,
    "title": "HP%",
    "on": false,
    "min": 51,
    "text": "exura"
  },
  "hpitem1": {
    "max": 90,
    "title": "HP%",
    "on": false,
    "item": 266,
    "subType": 0,
    "min": 51
  },
  "_macros": {
    "": false
  },
  "autoEquip": [
    {
      "item1": 3052,
      "title": "Auto Equip",
      "item2": 3089,
      "on": false,
      "slot": 9
    },
    {
      "item1": 0,
      "title": "Auto Equip",
      "item2": 0,
      "on": false,
      "slot": 0
    },
    {
      "item1": 0,
      "title": "Auto Equip",
      "item2": 0,
      "on": false,
      "slot": 0
    },
    {
      "item1": 0,
      "title": "Auto Equip",
      "item2": 0,
      "on": false,
      "slot": 0
    }
  ],
  "dropItems": [
    {
      "count": 1,
      "id": 283
    },
    {
      "count": 1,
      "id": 284
    },
    {
      "count": 1,
      "id": 285
    }
  ],
  "healing2": {
    "max": 50,
    "title": "HP%",
    "on": false,
    "min": 0,
    "text": "exura vita"
  },
  "foodItems": [
    {
      "count": 1,
      "id": 3582
    },
    {
      "count": 1,
      "id": 3577
    }
  ],
  "manaitem1": {
    "max": 90,
    "title": "MP%",
    "on": true,
    "item": 268,
    "subType": 0,
    "min": 51
  },
  "hpitem2": {
    "max": 50,
    "title": "HP%",
    "on": false,
    "item": 3160,
    "subType": 0,
    "min": 0
  },
  "manaShield": "utamo vita",
  "autoTradeMessage": "I'm using OTClientV8!",
  "hasteSpell": "utani hur",
  "antiParalyze": "utani hur"
}